id,client_name,client_country,order_date,order_value
1,Wheeler,Czech Republic,2022-03-04,36896.32
2,Cora,Mexico,2022-01-31,31485.65
3,Horten,China,2022-01-29,61856.15
4,Lowrance,Mexico,2021-06-06,92768.46
5,Barnebas,Chad,2021-09-02,81045.19
6,Dena,China,2022-02-27,10597.95
7,Hayden,Russia,2022-02-02,5736.56
8,Ellsworth,China,2021-10-25,82978.51
9,Forrest,Argentina,2021-11-18,12569.45
10,Kittie,Indonesia,2021-11-25,68544.54
11,Sybila,Russia,2021-11-30,35362.3
12,Lucie,China,2021-12-25,45823.06
13,Anet,Egypt,2022-03-13,66749.07
14,Henri,Tanzania,2021-07-06,14948.8
15,Louisa,France,2021-07-02,59752.44
16,Quentin,China,2022-01-05,88738.59
17,Vidovik,China,2021-09-25,16529.21
18,Franklyn,China,2021-12-30,69198.97
19,Conni,China,2022-01-11,9667.29
20,Sayre,Malaysia,2021-11-30,63150.71
21,Nerita,Syria,2021-07-08,42310.01
22,Conni,Bosnia and Herzegovina,2021-08-07,68805.0
23,Joellen,Portugal,2021-09-27,11427.53
24,Regen,Canada,2021-10-08,2788.0
25,Elianore,Russia,2022-01-30,99743.52
26,Sisile,Brazil,2022-04-12,4759.79
27,Torrence,Portugal,2021-11-30,53436.43
28,Arne,China,2022-04-28,24516.67
29,Burr,Russia,2021-10-03,89462.27
30,Dedie,Egypt,2021-06-16,48842.15
31,Shelbi,Indonesia,2021-11-24,7250.67
32,Ronny,Sweden,2022-02-07,65042.05
33,Penelope,Indonesia,2021-10-21,51587.5
34,Dasie,Indonesia,2021-10-11,18402.59
35,Jervis,China,2021-12-28,65014.34
36,Dorree,Vietnam,2021-06-23,15500.7
37,Paolina,Netherlands,2022-03-12,87254.38
38,Cross,Indonesia,2021-11-16,32863.98
39,Kaleena,Pakistan,2021-07-03,43817.93
40,Allina,Philippines,2021-06-01,72901.54
41,Terry,China,2022-05-10,83436.79
42,Mart,China,2022-03-20,60625.76
43,Shaun,Mongolia,2021-10-14,48586.76
44,Drusilla,China,2021-08-22,63924.51
45,Hendrik,Indonesia,2021-07-12,64626.16
46,Colet,Sweden,2021-06-15,52038.16
47,Zach,Brazil,2021-12-03,3668.69
48,Margret,Colombia,2022-01-15,66373.9
49,Wilma,Tanzania,2021-09-02,93574.61
50,Patric,China,2021-06-05,99591.89
51,Batsheva,Poland,2021-07-30,36084.39
52,Reeva,Philippines,2021-08-11,66258.81
53,Corny,France,2021-09-02,91254.37
54,Babita,Morocco,2022-02-16,37321.93
55,Kliment,China,2021-06-25,5153.09
56,Adler,Russia,2021-08-26,7624.54
57,Hadria,China,2021-07-07,72285.51
58,Euphemia,Poland,2021-06-21,53921.99
59,Thor,Moldova,2022-03-27,7681.59
60,Freedman,Brazil,2021-11-10,79189.59
61,Audre,China,2022-02-05,74416.69
62,Lynne,Poland,2021-12-16,30107.61
63,Dunc,France,2022-05-09,67920.84
64,Melosa,Philippines,2022-01-14,91240.91
65,Ellene,Ukraine,2021-11-23,26159.7
66,Vivi,Indonesia,2022-03-17,22788.86
67,Nikos,Indonesia,2021-07-06,67252.76
68,Marybelle,Poland,2021-10-10,79314.53
69,Mikey,China,2022-02-25,77659.76
70,Vance,Nigeria,2021-12-29,32546.07
71,Quill,China,2021-09-25,70940.36
72,Freeland,China,2022-04-11,37507.33
73,Verge,Indonesia,2021-11-22,87531.95
74,Mikael,Estonia,2021-09-13,87281.66
75,Kimmi,Honduras,2021-07-24,92182.74
76,Standford,Czech Republic,2022-03-14,75212.54
77,Tulley,Indonesia,2022-01-11,74572.33
78,Vernen,Indonesia,2021-09-23,30998.71
79,Cynthie,Russia,2022-01-25,37281.65
80,Coral,Philippines,2021-07-24,31797.68
81,Leonidas,Indonesia,2022-04-04,94751.33
82,Margo,Israel,2022-03-08,98059.93
83,Dorey,Indonesia,2021-06-30,37484.44
84,Lilas,Indonesia,2022-02-25,90531.46
85,Sauveur,Ukraine,2021-07-06,66429.93
86,Jessey,Indonesia,2022-02-12,46757.3
87,Tiff,Guatemala,2021-12-19,99265.5
88,Findlay,Indonesia,2022-01-29,43520.06
89,Barbey,China,2021-10-14,46827.53
90,Svend,Malta,2021-10-21,51290.0
91,Haily,China,2022-03-24,97559.96
92,Nataniel,Russia,2021-05-30,25988.96
93,Savina,Peru,2021-07-20,78143.05
94,Augustine,Japan,2021-07-14,23232.63
95,Goldina,Portugal,2021-10-29,62416.87
96,Stefan,Brazil,2021-07-10,39172.61
97,Munroe,China,2021-11-17,16544.55
98,Rick,China,2022-02-06,41026.41
99,Kathrine,Ireland,2022-01-17,29939.8
100,Chrissy,Indonesia,2021-06-21,29959.25
101,Rudolfo,Indonesia,2022-01-24,36308.6
102,Susanetta,Philippines,2022-02-02,22697.74
103,Olivette,Indonesia,2022-04-13,86506.5
104,Liza,France,2021-08-31,64695.25
105,Kara,Rwanda,2022-01-11,63772.84
106,Stacey,Brazil,2021-07-05,42453.58
107,Enrichetta,Indonesia,2021-09-22,70686.64
108,Yetta,Ukraine,2021-05-20,96860.39
109,Bendix,Denmark,2021-09-28,64259.62
110,Ada,Peru,2022-03-16,82183.13
111,Anatole,Colombia,2021-12-12,33567.18
112,Willetta,Indonesia,2021-09-25,23812.86
113,Frank,Portugal,2022-05-16,74982.48
114,Rebekkah,China,2021-08-20,78532.27
115,Xymenes,China,2021-08-28,86728.49
116,Nicky,South Africa,2021-12-10,14857.07
117,Daphene,Brazil,2021-07-02,53175.71
118,Maje,Myanmar,2021-07-23,94991.65
119,Rudd,Palestinian Territory,2021-07-31,28436.21
120,Myrwyn,China,2021-06-10,44805.13
121,Ange,Philippines,2022-04-27,71854.68
122,Whittaker,Gabon,2021-10-30,98192.36
123,Sylas,Russia,2022-03-31,67352.75
124,Rourke,United States,2022-01-19,49094.41
125,Farlie,Poland,2021-11-24,84511.22
126,Hew,China,2021-11-13,99315.21
127,Cordi,France,2021-09-21,48253.54
128,Beatrisa,Russia,2021-12-15,96365.86
129,Abigale,China,2021-12-10,28365.88
130,Lanie,Indonesia,2021-12-11,99761.2
131,Annalise,Anguilla,2021-11-02,65833.2
132,Benjy,China,2022-04-06,13388.56
133,Belinda,Russia,2022-02-02,62988.56
134,Sallee,China,2022-01-26,29697.37
135,Noell,China,2021-10-16,42597.24
136,Letty,China,2021-12-11,72752.39
137,Berrie,Azerbaijan,2021-11-14,96875.88
138,Maryellen,Italy,2021-06-13,15481.27
139,Valina,Philippines,2021-05-19,22965.84
140,Sherline,Sweden,2022-01-26,45117.89
141,Karola,Indonesia,2022-03-29,66731.12
142,Arlana,Uzbekistan,2021-05-30,22844.15
143,Perice,Sweden,2022-05-07,4178.25
144,Clarinda,Philippines,2021-11-25,39669.66
145,Shela,Portugal,2021-05-26,24801.82
146,Kathleen,Russia,2022-02-28,23526.72
147,Esteban,Panama,2021-11-04,49185.64
148,Herve,Netherlands,2022-03-23,12554.96
149,Amaleta,Croatia,2021-11-25,55294.11
150,Mimi,Ukraine,2022-04-17,26433.59
151,Manfred,China,2021-08-05,42106.94
152,Keefer,Thailand,2021-12-05,95204.45
153,Umberto,Sweden,2021-12-01,57187.7
154,Stephani,China,2021-06-14,94437.78
155,Kennie,Brazil,2021-09-24,51851.06
156,Seumas,Portugal,2022-01-10,20871.21
157,Christopher,Portugal,2021-12-12,34476.6
158,Petunia,Estonia,2022-04-07,23454.88
159,Magda,Indonesia,2021-09-16,53682.36
160,Salim,Russia,2022-01-02,62088.77
161,Jacky,Pakistan,2022-05-07,10135.39
162,Cami,Indonesia,2022-04-07,9181.63
163,Evangelin,China,2021-11-09,81785.81
164,Renee,Luxembourg,2022-01-04,54127.45
165,Shem,Indonesia,2022-02-09,13501.48
166,Ree,Egypt,2021-07-10,37944.49
167,Nels,Panama,2021-10-02,82118.08
168,Vladimir,China,2022-01-05,59895.69
169,Reeta,China,2021-08-13,64505.64
170,Clotilda,Brazil,2021-10-20,92051.78
171,Benito,Indonesia,2021-12-01,62154.07
172,Mattie,Cambodia,2021-07-15,20392.91
173,Kati,South Africa,2022-02-28,13389.01
174,Allyce,Philippines,2022-04-11,17665.45
175,Demetra,Indonesia,2021-09-16,23212.66
176,Norbie,Afghanistan,2021-06-07,56199.78
177,Reinaldos,France,2021-09-01,65389.96
178,Pattin,Mozambique,2022-04-28,50875.38
179,Orelia,Indonesia,2022-03-01,84759.77
180,Fleurette,Colombia,2021-08-18,65023.66
181,Sheff,Poland,2022-03-08,96118.17
182,Ilysa,China,2021-11-25,46739.86
183,Edith,Ecuador,2022-05-11,24407.36
184,Cele,Indonesia,2021-09-26,24651.17
185,Tiffanie,Peru,2021-08-29,53221.85
186,Emery,Bolivia,2021-09-22,62284.95
187,Enrika,Brazil,2021-09-20,71962.7
188,Paxon,Indonesia,2021-12-15,57866.95
189,Martyn,Thailand,2022-04-20,45075.22
190,Daile,China,2022-01-21,61209.94
191,Dede,France,2021-09-25,74029.69
192,Jilleen,France,2021-06-09,17740.36
193,Mattheus,Russia,2021-07-13,85479.38
194,Sim,Indonesia,2022-05-13,10008.9
195,Brice,China,2021-10-17,3316.74
196,Roshelle,Greece,2021-08-19,59926.19
197,Garry,Iran,2021-12-20,81756.53
198,Ray,United States,2022-02-16,54535.48
199,Sibel,Poland,2021-11-12,4721.0
200,Clementius,Philippines,2022-03-28,41516.19
201,Luci,Honduras,2021-08-02,84176.67
202,Roanne,Azerbaijan,2021-10-21,48675.21
203,Charil,Indonesia,2022-05-01,84614.02
204,Paula,Philippines,2021-11-15,19158.56
205,Gratia,Japan,2021-10-27,81063.92
206,Thorn,Sweden,2022-04-29,3252.1
207,Leeanne,Philippines,2021-07-19,13489.89
208,Duff,Mexico,2021-07-17,84663.52
209,Tuck,Russia,2021-08-26,6858.01
210,Augustina,Indonesia,2021-09-22,20822.21
211,Micki,Philippines,2021-08-29,3453.69
212,Joni,Poland,2021-11-04,17586.3
213,Rex,Indonesia,2021-08-29,62093.07
214,Gus,Russia,2021-08-12,3770.95
215,Loise,Peru,2021-09-02,3535.29
216,Maurice,Nicaragua,2021-08-30,87396.45
217,Matilda,Indonesia,2021-06-23,31748.91
218,Lynna,Albania,2022-03-09,60009.77
219,Thomasa,China,2022-02-26,72691.25
220,Winston,Yemen,2021-11-09,8807.36
221,Dewain,Sweden,2021-08-30,6887.78
222,Kath,Argentina,2022-04-12,18311.93
223,Nananne,Sweden,2021-12-05,69393.53
224,Farlie,Iceland,2022-02-09,95154.66
225,Florrie,China,2021-09-25,79182.08
226,Hatty,Philippines,2021-07-27,71351.17
227,Karrie,France,2021-06-02,76102.23
228,Ramonda,South Africa,2021-12-25,59258.87
229,Hughie,Poland,2021-08-09,36587.09
230,Hugo,Poland,2022-01-02,37991.65
231,Starlin,Thailand,2021-11-02,41452.26
232,Gladys,Argentina,2022-03-08,27919.86
233,Natalie,Philippines,2022-04-28,66751.27
234,Gardiner,China,2022-05-08,72350.13
235,Leslie,Indonesia,2021-08-13,58498.8
236,Lurline,Norway,2021-08-08,63427.71
237,Starlene,Indonesia,2021-09-08,36347.78
238,Bernette,Czech Republic,2021-10-17,36382.91
239,Marylinda,China,2021-07-28,23885.66
240,Fleurette,France,2022-01-02,89749.52
241,Amalee,Canada,2021-11-14,82354.64
242,Patricio,China,2022-02-18,84441.67
243,Barnard,France,2022-02-22,49137.35
244,Norina,Philippines,2022-03-11,50744.63
245,Rollin,France,2021-11-02,3138.21
246,Esme,Russia,2021-05-22,94688.82
247,Gorden,American Samoa,2021-09-14,80074.52
248,Nancee,China,2021-10-28,52301.46
249,Kordula,Indonesia,2022-02-14,87489.39
250,Hyacintha,Liberia,2021-09-11,89806.94
251,Caesar,Portugal,2021-10-20,348.17
252,Natalie,Indonesia,2021-10-17,86599.55
253,Amalea,Poland,2021-05-29,64997.9
254,Kirby,China,2022-04-19,57306.26
255,Hershel,Peru,2022-05-13,46344.85
256,Simona,Philippines,2021-07-21,61358.37
257,Coral,China,2022-04-20,6719.02
258,Elston,Nigeria,2022-03-02,71489.25
259,Teddie,Argentina,2022-04-24,56286.05
260,Kathlin,Bolivia,2021-07-06,88145.96
261,Carolin,Indonesia,2021-07-19,52899.61
262,Clemmy,United States,2022-04-03,70857.55
263,Beatrisa,French Polynesia,2022-03-22,11999.28
264,Normy,China,2021-07-03,5058.71
265,Jodi,Russia,2022-04-10,69203.0
266,Husein,Peru,2022-03-25,83238.9
267,Carroll,Ukraine,2021-08-08,16438.9
268,Tootsie,Morocco,2022-04-09,70525.63
269,Fenelia,China,2022-01-31,98345.67
270,Willabella,Thailand,2021-10-17,62552.3
271,Farra,Nigeria,2022-01-11,55992.89
272,Minnie,Peru,2021-07-15,67959.65
273,Maximilien,China,2022-01-16,73425.52
274,Peria,United Kingdom,2021-10-11,97852.1
275,Torey,Portugal,2021-12-31,76509.84
276,Buddie,Russia,2022-04-17,30118.2
277,Augustine,Russia,2021-12-25,74204.18
278,Courtnay,Philippines,2021-12-24,89677.46
279,Paquito,China,2021-09-28,89254.28
280,Lorin,China,2022-02-11,13292.13
281,Lurlene,Turkmenistan,2022-03-22,2669.55
282,Hester,Mauritius,2021-07-21,75440.43
283,Johnathon,China,2021-10-07,38068.77
284,Hale,Portugal,2022-01-27,62785.58
285,Benoit,Colombia,2021-12-04,75313.57
286,Halsy,China,2022-01-01,78370.82
287,Roxi,Russia,2021-12-25,14371.0
288,Estell,Japan,2021-09-04,59705.91
289,Turner,Indonesia,2021-10-06,65047.78
290,Ragnar,United States,2021-09-21,75788.39
291,Denice,Tunisia,2022-01-26,88924.19
292,Patric,France,2022-01-19,53191.01
293,Lorna,Ukraine,2021-12-22,87541.75
294,Barry,Armenia,2022-03-07,58316.68
295,Miles,Costa Rica,2021-07-13,35671.69
296,Pepillo,Philippines,2021-10-11,3869.43
297,Fredric,Brazil,2022-02-25,73707.61
298,Corbie,United States,2022-01-10,7476.21
299,Kaylee,Russia,2021-06-07,91258.26
300,Bell,Zimbabwe,2021-08-02,22208.78
301,Gal,Afghanistan,2022-02-08,6185.55
302,Filberte,Brazil,2021-10-21,25100.85
303,Theodore,Colombia,2021-07-19,70043.44
304,Nariko,China,2021-07-18,93831.92
305,Lucita,Egypt,2021-09-24,9622.6
306,Clara,Sri Lanka,2021-09-12,82633.11
307,Henriette,United States,2021-08-01,44929.15
308,Kenny,China,2022-02-04,62455.4
309,Nevil,Sweden,2021-09-07,6094.56
310,Kristien,Ukraine,2021-10-03,49181.66
311,Marion,Yemen,2022-01-22,34010.15
312,Judie,China,2022-03-05,88914.71
313,Guillaume,Canada,2022-01-29,8011.54
314,Elayne,Philippines,2021-07-10,95668.69
315,Daryle,Honduras,2021-10-02,4168.71
316,Burch,Ivory Coast,2021-06-07,23102.18
317,Briano,China,2021-07-05,77832.12
318,Lisha,United States,2022-02-24,8505.1
319,Hughie,New Zealand,2022-05-11,93248.71
320,James,Australia,2021-11-12,16633.78
321,Imelda,Lebanon,2021-07-08,17405.03
322,Elnore,China,2022-03-04,2391.64
323,Linette,Georgia,2021-12-25,53854.77
324,Eduardo,Russia,2021-10-29,69574.99
325,Darby,Indonesia,2022-05-07,55643.95
326,Henryetta,Indonesia,2021-12-24,63939.17
327,Tanhya,Russia,2022-04-15,37011.55
328,Osborn,Yemen,2021-12-17,95897.37
329,Mendie,Poland,2021-07-10,14556.32
330,Bradford,Canada,2021-10-28,555.78
331,Ryley,Bosnia and Herzegovina,2021-12-29,73736.69
332,Aleksandr,Bosnia and Herzegovina,2021-09-11,50375.55
333,Nichol,Pakistan,2021-12-14,88418.43
334,Gayleen,Sweden,2022-02-23,42773.77
335,Dierdre,Venezuela,2021-07-28,89931.14
336,Jacinta,Spain,2021-12-19,8491.47
337,Arch,Indonesia,2022-02-23,89474.68
338,Shellie,Indonesia,2022-01-17,75634.07
339,Kayne,Sweden,2022-02-18,91521.53
340,Rorie,China,2022-01-06,69301.41
341,Peter,Philippines,2021-07-27,56333.22
342,Nessie,Czech Republic,2021-07-01,9349.11
343,Gunter,Indonesia,2021-08-11,97212.55
344,Ardelle,Argentina,2021-11-16,4002.26
345,Tessi,Colombia,2021-06-18,30860.8
346,Tonye,Brazil,2022-02-23,32406.91
347,Nicholas,Brazil,2022-05-10,85693.75
348,Clemmy,Philippines,2022-03-04,18736.95
349,Judie,Pakistan,2022-01-04,45048.32
350,Ilyse,France,2021-10-31,50005.91
351,Johnny,Brazil,2021-11-23,86335.92
352,Ivie,France,2022-03-01,26803.79
353,Aimee,Bosnia and Herzegovina,2021-07-16,64882.85
354,Tobye,Greece,2021-09-16,41106.03
355,Felic,Uzbekistan,2021-06-13,82843.84
356,Martina,Portugal,2022-03-11,37821.4
357,Paddy,Indonesia,2021-12-28,91501.07
358,Tulley,Philippines,2022-03-25,309.66
359,Edwina,Indonesia,2021-12-08,56722.46
360,Bambi,China,2022-01-31,89505.42
361,Eryn,Peru,2021-10-28,6722.82
362,Arnold,Indonesia,2022-02-17,53239.23
363,Alison,China,2021-08-03,57456.2
364,Radcliffe,Russia,2021-07-05,60655.04
365,Kendrick,Poland,2021-09-07,6489.61
366,Aurelea,Japan,2021-11-11,26951.61
367,Ikey,China,2021-08-01,58822.43
368,Trev,Poland,2021-05-23,77218.14
369,Den,Portugal,2022-03-11,76033.04
370,Annamarie,Slovenia,2021-10-21,7881.15
371,Enrichetta,Colombia,2021-10-30,96022.16
372,Aubrette,Portugal,2022-01-12,93423.79
373,Gilberto,China,2021-12-10,27456.56
374,Clari,China,2021-11-29,42263.47
375,Donn,Vietnam,2021-10-14,22122.03
376,Erv,Finland,2021-09-05,42438.67
377,Alyse,Thailand,2022-05-15,87862.38
378,Reiko,Japan,2021-09-29,56603.95
379,Mercie,Czech Republic,2021-07-04,82974.33
380,Seumas,France,2021-10-19,80892.55
381,Leah,Sri Lanka,2022-04-30,21069.18
382,Pia,China,2021-08-24,10958.74
383,Osborne,China,2021-07-22,93542.61
384,Alic,Ukraine,2021-06-30,60066.78
385,Erma,Portugal,2021-12-01,95250.28
386,Tabitha,Dominican Republic,2021-12-28,1472.37
387,Bond,Indonesia,2022-03-24,57855.12
388,Kort,China,2021-06-21,90622.69
389,Allx,Japan,2021-08-09,15361.7
390,Manuel,Iran,2021-12-03,24851.18
391,Merlina,China,2022-05-12,78982.9
392,Hewie,Ivory Coast,2021-06-05,6737.58
393,Martie,Thailand,2022-04-14,23920.07
394,Brewster,Philippines,2021-09-07,25562.05
395,Candi,Indonesia,2021-06-22,10503.26
396,Aimil,Cuba,2022-05-07,13342.47
397,Rick,Poland,2021-10-31,85289.2
398,Gare,Bangladesh,2021-05-29,65207.31
399,Anne-corinne,Indonesia,2021-06-29,54129.68
400,Godfree,Vietnam,2021-12-12,44975.09
401,Merv,Bulgaria,2022-05-12,96503.75
402,Britta,Nigeria,2021-08-10,84451.47
403,Kathi,Kazakhstan,2021-12-24,17004.47
404,Sharon,Portugal,2021-11-23,17068.21
405,Franciska,China,2021-06-16,24499.82
406,Sheela,Colombia,2021-10-21,68370.01
407,Shepard,Madagascar,2021-10-25,50400.17
408,Max,Japan,2021-05-22,89591.15
409,Werner,Poland,2022-04-08,16512.07
410,Claudius,Russia,2022-03-28,44336.62
411,Aurel,United States,2021-09-03,62856.63
412,Panchito,Nepal,2021-08-19,94366.94
413,Orrin,Philippines,2021-06-27,54733.02
414,Gregoor,United States,2022-02-14,53827.02
415,Luisa,Brazil,2022-01-14,13258.59
416,Floria,Portugal,2021-10-10,60788.46
417,Sawyer,Sweden,2021-07-03,41598.75
418,Florrie,France,2021-06-15,60932.68
419,Dag,Comoros,2021-12-30,71991.38
420,Purcell,China,2021-06-12,52623.43
421,Rock,Indonesia,2022-01-14,86898.78
422,Dew,Malta,2021-08-07,18504.3
423,Emera,China,2021-11-12,13948.71
424,Karalee,Malaysia,2021-05-23,24546.05
425,Allie,China,2021-06-14,46632.34
426,Corrie,Tanzania,2022-03-13,30057.02
427,Linnell,Brazil,2021-08-23,63951.51
428,Sarita,United States,2021-10-01,85884.14
429,Amalea,China,2021-11-27,69443.84
430,Tadd,Mexico,2022-02-08,37964.07
431,Lyle,China,2021-11-12,14968.15
432,Herculie,South Africa,2022-01-20,26200.2
433,Dalli,United States,2022-02-06,38342.23
434,Melodie,Vietnam,2021-06-26,29969.49
435,Berenice,Estonia,2021-12-31,35915.5
436,Phillipp,China,2021-10-01,68197.2
437,Laughton,Philippines,2021-07-08,20888.76
438,Lillis,Mexico,2021-06-22,9802.83
439,Skippie,Brazil,2022-02-14,56758.21
440,Netty,Indonesia,2021-07-25,45080.28
441,Marisa,Philippines,2022-04-05,23444.04
442,Kelsi,South Africa,2022-01-21,67255.97
443,Elmer,Indonesia,2022-01-12,57041.33
444,Renard,Philippines,2021-09-23,40907.15
445,Hamilton,Indonesia,2022-04-03,44816.2
446,Paxton,Portugal,2021-11-02,72083.72
447,Alissa,Iran,2022-03-29,26100.32
448,Pammie,China,2021-09-05,63266.49
449,Otis,Ukraine,2022-01-18,43318.55
450,Adrianne,China,2021-12-11,81867.77
451,Kristan,China,2021-06-15,45188.65
452,Tabor,China,2022-03-20,20415.56
453,Osgood,Indonesia,2021-08-25,17124.06
454,Thaine,Sweden,2021-08-23,78133.27
455,Adolf,Tunisia,2022-02-23,22961.0
456,Jereme,Kazakhstan,2022-03-21,87622.65
457,Vera,Greece,2021-08-06,28523.13
458,Bret,China,2021-10-17,5424.65
459,Cathe,Uzbekistan,2021-10-02,50720.35
460,Lane,China,2021-09-17,854.25
461,Theodoric,Russia,2021-11-12,61861.0
462,Laurent,China,2022-03-25,60925.64
463,Carly,France,2021-08-10,30013.66
464,Lon,Ukraine,2021-11-08,92555.79
465,Yolanda,China,2022-01-01,3256.92
466,Maxim,Canada,2021-11-29,73342.87
467,Timi,France,2022-01-09,20440.43
468,Raimund,Brazil,2021-05-25,518.66
469,Davina,Russia,2021-05-27,45894.6
470,Lorilyn,China,2021-10-18,24677.57
471,Karissa,China,2021-11-06,11823.76
472,Kip,Pakistan,2022-04-01,9600.31
473,Viki,Portugal,2021-07-30,59292.2
474,Sibley,China,2021-08-30,54203.1
475,Thorny,China,2021-10-13,72729.0
476,Nefen,Indonesia,2022-02-11,63599.67
477,Zola,China,2022-02-02,20914.24
478,Bryn,Egypt,2021-09-27,27656.77
479,Reggi,China,2022-03-02,83542.84
480,Carena,Indonesia,2021-12-18,64529.97
481,Marcelia,Ireland,2022-03-18,41413.78
482,Rafaello,Russia,2021-12-30,81965.1
483,Tabina,Ireland,2021-11-06,79891.79
484,Maynard,Colombia,2021-07-06,41691.42
485,Hillier,China,2021-12-18,26326.38
486,Myra,Russia,2021-07-06,26385.48
487,Haily,China,2021-11-04,50773.84
488,Cindee,China,2022-03-11,5945.56
489,Adrian,Canada,2021-12-30,70161.83
490,Parrnell,Poland,2022-05-15,86601.44
491,Abbot,China,2021-12-08,72031.77
492,Stefa,Czech Republic,2021-07-28,24379.32
493,Arch,Japan,2021-12-06,96650.17
494,Kaila,Pakistan,2021-12-10,53757.2
495,Melli,China,2022-05-05,87756.26
496,Leslie,Croatia,2021-08-17,50119.75
497,Wallie,Thailand,2021-12-04,58837.83
498,Vivianna,China,2021-08-08,29361.69
499,Jeremiah,Philippines,2021-08-23,94446.62
500,Shandee,Yemen,2022-02-04,94018.47
501,Megan,Venezuela,2021-07-13,38304.46
502,Gib,China,2022-03-08,99415.54
503,Kathy,Czech Republic,2021-06-16,44830.52
504,Marcello,Poland,2021-10-03,7675.27
505,Ernaline,Indonesia,2022-05-11,27577.14
506,Lanie,Peru,2022-03-07,40523.95
507,Skippie,Ireland,2021-08-09,97580.75
508,Gwennie,Argentina,2021-09-01,22844.87
509,Rickert,Ethiopia,2022-03-05,48677.12
510,Helenka,South Africa,2021-06-10,155.1
511,Cindi,Niger,2022-02-20,52193.97
512,Wallace,Russia,2022-02-20,65958.4
513,Evangeline,Poland,2021-07-07,12876.38
514,Arlene,Indonesia,2021-10-10,75496.62
515,Gregoor,China,2022-01-03,76859.05
516,Katharina,Russia,2021-08-08,84940.31
517,Riane,Russia,2021-07-12,7270.44
518,Merci,France,2021-08-03,27449.53
519,Corly,Indonesia,2021-06-28,64060.47
520,Frank,United Kingdom,2022-01-19,38826.77
521,Hertha,Canada,2022-03-14,75326.4
522,Franz,Indonesia,2021-09-03,69296.6
523,Kristin,Russia,2021-05-27,56218.39
524,Noby,Peru,2021-12-12,59347.86
525,Dolorita,United States,2022-04-18,91643.14
526,Meaghan,China,2022-05-06,82889.7
527,Sansone,Poland,2021-06-16,33669.79
528,Merrilee,Finland,2022-03-20,23667.38
529,Lynnelle,Argentina,2022-04-13,54365.08
530,Tab,Indonesia,2021-12-09,72992.41
531,Iormina,Spain,2021-09-10,72228.34
532,Waldemar,Greece,2021-11-07,18202.75
533,Kele,Norway,2022-02-10,52275.48
534,Ronalda,Brazil,2022-01-02,38223.31
535,Barron,Lebanon,2022-02-11,2144.81
536,Jedediah,Portugal,2021-06-23,4575.25
537,Haleigh,Haiti,2022-04-29,52894.83
538,Anabella,China,2022-01-07,85651.14
539,Wilma,Bosnia and Herzegovina,2021-11-06,6826.27
540,Shelli,Venezuela,2021-06-05,96181.64
541,Grantley,Indonesia,2021-11-30,21215.0
542,Letti,Peru,2021-12-15,49437.55
543,Jessy,Indonesia,2021-11-23,64751.57
544,Seumas,France,2021-10-28,51159.78
545,Cirillo,Syria,2021-05-27,5754.02
546,Hedvig,China,2021-09-17,75944.49
547,Casandra,Cuba,2021-05-21,32677.98
548,Malissia,Sri Lanka,2022-04-24,36709.11
549,Katharine,Czech Republic,2022-01-10,56943.29
550,Lennie,Indonesia,2021-08-06,59131.42
551,Bernadene,China,2022-05-03,12826.4
552,Constantine,Canada,2021-11-14,55808.38
553,Baxie,Afghanistan,2022-03-27,42508.61
554,Marget,Brazil,2021-08-23,65092.24
555,Ad,Croatia,2022-03-15,87960.15
556,Jacenta,Philippines,2022-02-13,18872.32
557,Petronille,China,2022-05-12,88359.71
558,Ronny,Indonesia,2021-10-26,35201.61
559,Buddy,Poland,2021-12-11,95156.57
560,Fae,China,2021-10-03,22787.5
561,Wynnie,China,2022-02-08,36523.19
562,Craggie,Peru,2021-07-04,43937.07
563,Cheryl,Indonesia,2021-08-26,6121.77
564,Coretta,China,2021-10-03,48834.39
565,Kittie,Greece,2021-10-10,74129.58
566,Wilfrid,Ukraine,2021-05-23,51255.6
567,Bard,Czech Republic,2021-07-25,74672.04
568,Lyndsay,Russia,2022-04-14,60705.34
569,Lorens,China,2022-02-07,63108.1
570,Ardene,Indonesia,2022-05-13,9703.06
571,Kimble,Guatemala,2022-01-14,59636.06
572,Bertie,Nigeria,2022-04-07,60405.06
573,Joellyn,Palestinian Territory,2022-03-18,65275.99
574,Salomon,Peru,2021-07-21,61006.95
575,Jed,Russia,2021-10-11,32468.13
576,Dasie,Afghanistan,2021-09-15,90152.35
577,Archibald,Russia,2022-02-20,61645.52
578,Lavina,Philippines,2021-08-01,34848.3
579,Estell,Poland,2021-10-20,69710.94
580,Shurlocke,China,2021-08-30,97736.0
581,Quintilla,China,2021-05-23,92478.65
582,Chaddie,China,2021-10-17,31146.88
583,Lira,China,2021-06-19,94241.62
584,Charlene,Nigeria,2021-05-30,62189.96
585,Lacy,China,2021-10-13,90061.22
586,Alexia,Philippines,2021-06-18,49052.16
587,Adah,Philippines,2021-08-08,18062.23
588,Patience,Indonesia,2021-12-29,52781.13
589,Irina,Philippines,2022-02-19,93883.47
590,Pamela,China,2021-06-15,3040.81
591,Marie-jeanne,Portugal,2022-02-02,84512.83
592,Gibb,Angola,2021-09-10,10044.67
593,Floris,Indonesia,2021-06-06,28434.15
594,Fabiano,China,2021-09-24,81769.56
595,Kerri,Indonesia,2021-08-24,81226.6
596,Betta,Poland,2021-08-13,58531.96
597,Noni,Indonesia,2021-09-25,87660.09
598,Natasha,France,2021-08-04,49285.89
599,Sibilla,Tajikistan,2021-06-19,72313.17
600,Gale,Philippines,2021-05-19,10742.22
601,Bertine,Nepal,2021-12-26,31595.68
602,Shoshanna,Peru,2021-06-28,12466.17
603,Gilemette,Russia,2021-12-14,50200.06
604,Patrizia,Italy,2021-07-04,59096.01
605,Norry,Uganda,2021-09-21,55956.24
606,Christin,Sweden,2021-10-07,11141.25
607,Davey,Czech Republic,2021-12-30,31790.19
608,Emmy,Portugal,2022-02-10,57682.75
609,Nolan,Philippines,2021-08-24,99107.72
610,Leonard,China,2021-08-26,17545.87
611,Gabi,Indonesia,2021-11-15,44529.01
612,Courtenay,China,2022-05-02,78380.33
613,Libby,China,2021-12-11,76731.38
614,Stefa,Philippines,2021-10-22,42249.38
615,Lauri,China,2021-10-22,10008.75
616,Ly,Indonesia,2021-12-31,29571.56
617,Bliss,Philippines,2022-04-23,42130.33
618,Hope,China,2022-01-29,19873.34
619,Ryon,Russia,2021-05-20,17097.67
620,Sheilah,China,2021-07-22,80630.31
621,Gasparo,Brazil,2022-04-15,75404.98
622,Hamnet,China,2021-08-07,54713.94
623,Patten,China,2021-08-24,68610.14
624,Lorrayne,China,2021-06-10,80072.05
625,Jobey,France,2021-11-13,96190.98
626,Lemmie,Russia,2021-08-10,25819.55
627,Bill,Russia,2022-03-12,56665.16
628,Karney,China,2021-08-10,50281.34
629,Rana,Cuba,2021-07-22,6904.32
630,Burg,Poland,2022-02-01,62664.56
631,Louisa,Tunisia,2021-11-17,19704.32
632,Esteban,Poland,2021-10-11,43333.03
633,Delmar,Greece,2022-03-17,3626.57
634,Brent,China,2021-07-20,42766.67
635,Rutledge,Indonesia,2022-02-01,12576.66
636,Therese,Afghanistan,2022-03-31,10405.67
637,Wyndham,Portugal,2021-12-18,23841.95
638,Desmund,Peru,2021-06-20,64436.71
639,Ashley,Estonia,2021-07-01,88782.0
640,Tobias,Namibia,2021-11-18,13224.71
641,Adham,Sweden,2022-01-21,12731.37
642,Lucie,Colombia,2021-06-11,90436.17
643,Geoffry,Brazil,2022-03-01,30275.54
644,Babette,South Africa,2021-12-08,58736.72
645,Pavla,Indonesia,2021-06-28,83225.29
646,Freedman,Mauritius,2021-10-21,10640.71
647,Marta,Azerbaijan,2021-11-09,57982.73
648,Fanny,France,2022-03-27,39972.4
649,Torey,Malaysia,2021-10-06,31086.71
650,Nobe,Papua New Guinea,2021-07-06,48719.11
651,Wilie,Indonesia,2021-09-23,55952.87
652,Geralda,Thailand,2021-07-04,41124.23
653,Briana,Poland,2021-10-11,95412.57
654,Melvyn,Portugal,2021-07-31,74074.21
655,Corny,Poland,2022-01-14,84188.24
656,Jervis,Philippines,2022-04-30,23435.76
657,Erasmus,China,2022-03-24,33334.19
658,Grier,Albania,2021-06-19,85736.84
659,Wendel,Bangladesh,2021-06-04,11082.42
660,Atlante,France,2021-12-26,73046.96
661,Dulsea,Colombia,2021-11-18,74685.42
662,Cullin,South Africa,2022-01-24,56524.86
663,Sharon,China,2021-06-10,72887.82
664,Crysta,Philippines,2021-06-17,98556.71
665,Pam,Ukraine,2021-07-29,44205.17
666,Beck,Indonesia,2021-08-09,12826.34
667,Meta,Colombia,2021-12-13,99545.06
668,Terence,Indonesia,2022-04-21,40171.29
669,Charita,China,2021-08-23,12511.65
670,Cyndi,Japan,2022-03-02,79762.34
671,Fancie,Canada,2022-02-08,97142.07
672,Vernor,Russia,2022-04-07,81074.21
673,Myrtia,Poland,2022-04-14,57848.13
674,Page,China,2021-06-16,48802.83
675,Irita,Indonesia,2022-02-03,36377.83
676,Alvie,China,2022-01-31,21665.56
677,Chris,Peru,2021-08-16,59837.79
678,Stacee,Indonesia,2022-04-29,70077.85
679,Kettie,South Korea,2021-06-24,1436.43
680,Marinna,Brazil,2021-12-27,39719.98
681,Eduard,Russia,2022-02-16,86989.78
682,Sal,China,2021-08-27,31289.57
683,Daphne,Philippines,2021-08-22,90943.0
684,Wendye,Ukraine,2021-08-31,37179.77
685,Harper,Russia,2021-06-22,13149.93
686,Donella,Cuba,2021-09-11,71052.81
687,Dyna,Poland,2021-09-09,79537.73
688,Sheffie,China,2022-02-27,98024.17
689,Jephthah,Colombia,2021-07-09,36809.33
690,Fraser,Portugal,2021-08-18,14742.76
691,Thorvald,China,2021-08-10,31951.29
692,Courtnay,Iran,2021-07-25,81449.38
693,Christiano,Cayman Islands,2021-08-09,22099.44
694,Harriott,Argentina,2021-12-13,77320.13
695,Fancy,China,2021-08-14,25933.63
696,Eden,Bolivia,2021-10-29,58526.06
697,Sayers,Philippines,2021-06-02,81369.84
698,Benedikta,Costa Rica,2021-12-20,72471.38
699,Horton,Portugal,2021-07-16,44250.12
700,Chickie,Indonesia,2021-06-15,23509.1
701,Binnie,Brazil,2022-05-06,8018.86
702,Stacia,Colombia,2022-05-10,68762.68
703,Wilhelmine,Ukraine,2021-10-03,67090.11
704,Shirlene,Philippines,2021-11-08,60968.16
705,Florentia,Estonia,2022-02-04,75936.07
706,Lucille,Malaysia,2022-04-01,99133.54
707,Reed,Indonesia,2022-04-28,77801.97
708,Pascal,China,2021-11-02,12903.54
709,Danila,Sudan,2021-08-16,46346.69
710,Lydie,Cuba,2021-05-30,56440.55
711,Wheeler,Russia,2021-10-30,81831.29
712,Ladonna,Indonesia,2021-09-13,12185.21
713,Jammie,Ukraine,2022-01-28,98462.69
714,Clerissa,Azerbaijan,2021-08-04,70579.05
715,Padgett,Portugal,2022-03-12,28426.37
716,Magdalen,Philippines,2021-11-01,98624.53
717,Dalston,Macedonia,2021-11-10,37086.97
718,Patton,France,2021-12-17,52885.62
719,Giffard,Indonesia,2022-05-04,29224.06
720,Husain,Poland,2021-06-28,88319.08
721,Mari,Russia,2021-10-13,4245.84
722,Cecile,Colombia,2021-10-29,62426.51
723,Klaus,Peru,2021-08-14,82625.8
724,Celestyna,Russia,2021-12-22,46396.43
725,Loella,China,2021-10-25,94286.39
726,Carolyn,Argentina,2021-10-19,43705.84
727,Katee,Indonesia,2022-04-22,61245.12
728,Dana,Philippines,2021-05-25,49605.76
729,Haslett,Netherlands,2021-09-08,43715.21
730,Corenda,China,2021-11-08,62518.79
731,Paolo,Philippines,2021-10-08,89784.84
732,Waneta,Greece,2022-01-14,79319.39
733,Sidoney,Kazakhstan,2021-05-22,96270.29
734,Berty,Argentina,2022-03-26,95750.16
735,Rora,China,2021-11-19,79207.53
736,Jazmin,Indonesia,2021-08-08,2163.52
737,Adah,Iceland,2021-12-05,65967.7
738,Barbey,Philippines,2021-06-14,19940.73
739,Nicolette,China,2022-01-31,50674.86
740,Oren,Indonesia,2021-09-01,71803.88
741,Richard,China,2021-12-22,56295.83
742,Rouvin,Indonesia,2021-11-30,71600.47
743,Saloma,Serbia,2021-10-02,8713.99
744,Jorgan,Russia,2022-02-18,82345.57
745,Roberta,Azerbaijan,2021-10-10,64973.21
746,Chauncey,China,2022-05-13,10351.81
747,Dieter,Kosovo,2021-10-02,2127.59
748,Sylvan,Somalia,2021-10-25,543.08
749,Gian,Portugal,2022-04-27,12650.72
750,Tobi,China,2021-06-01,47343.11
751,Alfie,China,2021-07-23,34813.68
752,Hyman,China,2021-10-10,4526.24
753,Fin,Honduras,2022-05-01,53123.08
754,Erv,Canada,2021-11-04,8943.31
755,Loren,China,2022-05-08,93215.32
756,Kimbra,China,2021-09-06,15130.25
757,Lisette,Serbia,2021-10-18,14164.08
758,Darby,China,2021-11-18,33193.74
759,Dana,Albania,2022-01-28,62080.14
760,Garwood,China,2021-05-30,53747.8
761,Adriena,China,2022-04-26,14751.75
762,Prudy,Indonesia,2022-01-22,54757.42
763,Livvyy,Thailand,2021-12-15,64479.13
764,Patrick,China,2022-04-30,21209.25
765,Hanny,Poland,2021-06-01,71040.69
766,Yurik,Colombia,2021-06-25,55930.0
767,Shep,Portugal,2021-10-21,69788.47
768,Irma,Finland,2021-05-17,1604.28
769,Harley,Palestinian Territory,2021-06-30,57673.56
770,Raynard,China,2022-02-25,13273.95
771,Husain,Indonesia,2022-03-24,91106.22
772,Margy,China,2021-09-23,32876.09
773,Valentina,Philippines,2022-02-20,89569.28
774,Guillermo,Indonesia,2022-01-10,60270.18
775,Homerus,United States,2021-10-21,58951.73
776,Jarrad,Kazakhstan,2022-01-28,54678.38
777,Karlik,Poland,2021-05-30,24816.25
778,Auroora,China,2022-04-16,26606.63
779,Gnni,Indonesia,2021-09-18,67693.29
780,Daphene,New Zealand,2022-04-05,65657.36
781,Amble,Indonesia,2021-08-27,99088.38
782,Shelby,South Africa,2021-11-02,5299.21
783,Alfonse,Peru,2021-06-22,7597.59
784,Leta,Vietnam,2022-04-30,57078.28
785,Dale,Armenia,2021-09-22,31702.64
786,Quinta,China,2021-11-29,69865.18
787,Jaquenette,Czech Republic,2021-09-07,62766.78
788,Ilyssa,Vietnam,2022-01-02,95211.22
789,Judd,Colombia,2021-06-09,44603.27
790,Monty,China,2021-09-23,17636.89
791,Annemarie,Colombia,2022-01-27,113.85
792,Derrek,Liberia,2021-10-31,65357.39
793,Joceline,Indonesia,2021-07-14,89694.82
794,Eugenio,South Georgia and the South Sandwich Islands,2022-04-07,98623.83
795,Elset,Czech Republic,2021-12-17,39679.34
796,Aleta,Denmark,2022-01-01,34274.75
797,Yorker,Finland,2021-09-06,75894.09
798,Martica,United States,2022-03-04,9399.96
799,Dew,France,2021-07-07,66202.11
800,Laetitia,China,2021-08-04,24161.1
801,Dahlia,Indonesia,2021-09-24,66252.68
802,Gabe,Peru,2021-12-20,18338.77
803,Roman,Russia,2021-09-10,65895.77
804,Breanne,Nigeria,2021-09-11,41233.48
805,Hesther,Czech Republic,2021-12-03,73170.02
806,Birgitta,Mexico,2021-10-26,91291.02
807,Carlie,China,2021-11-24,63656.36
808,Adolph,United States,2022-05-10,82496.43
809,Roddy,Portugal,2021-05-28,81285.97
810,Harvey,Russia,2021-11-21,74389.3
811,Brock,Russia,2021-11-15,94422.01
812,Tanny,Russia,2022-01-14,80908.66
813,Clarie,Indonesia,2022-02-27,31875.3
814,Broderic,Tunisia,2021-05-23,11309.58
815,Adey,Vietnam,2021-10-11,97700.1
816,Marya,China,2021-05-26,8443.32
817,Bethany,Tanzania,2022-05-14,41086.05
818,Philippine,Croatia,2021-11-05,92457.38
819,Lyn,United States,2022-04-04,73904.64
820,Catlin,Gabon,2021-08-06,29748.33
821,Cornell,Israel,2022-01-29,21578.09
822,Pooh,Ivory Coast,2022-02-09,39598.17
823,Ettore,South Korea,2021-09-14,70363.5
824,Ola,China,2021-09-03,97839.6
825,Mitzi,China,2021-07-20,54630.23
826,Alida,Sweden,2021-11-22,23209.81
827,Heriberto,Burkina Faso,2021-09-21,98695.23
828,Claus,Japan,2021-10-27,15944.5
829,Roddie,Indonesia,2021-07-27,46357.81
830,Dominga,South Africa,2021-06-01,85698.05
831,Isabelle,Mexico,2021-07-17,40598.94
832,Gennie,China,2021-11-02,73231.02
833,Celeste,Indonesia,2021-09-14,79188.67
834,Jess,Croatia,2021-12-20,78599.44
835,Frieda,China,2022-01-18,29712.06
836,Rusty,China,2022-03-23,7962.8
837,Stormi,Czech Republic,2021-06-03,21672.63
838,Ladonna,Uganda,2021-10-25,32805.33
839,Emery,Nigeria,2022-03-17,98868.66
840,Janetta,Ukraine,2021-11-25,9320.99
841,Harmonie,China,2021-10-03,56138.82
842,Jordanna,China,2022-05-04,66784.05
843,Granny,Botswana,2021-10-25,40568.19
844,Ignacio,Indonesia,2021-11-24,23556.19
845,Dynah,Portugal,2021-10-11,44052.49
846,Thornie,Philippines,2021-07-09,19312.52
847,Ebenezer,Central African Republic,2022-03-05,69670.98
848,Tatiana,Brazil,2022-01-01,156.68
849,Rachael,Indonesia,2022-02-25,88341.8
850,Henka,Dominican Republic,2021-07-03,24582.51
851,Bernadina,Sweden,2022-03-14,78970.7
852,Enid,Ireland,2021-05-26,65753.45
853,Reggi,Mexico,2022-05-04,86279.12
854,Helyn,Russia,2022-01-15,37374.21
855,Jarrad,Colombia,2021-08-21,81361.83
856,Wilhelm,Poland,2022-04-28,72278.43
857,Lilli,Indonesia,2022-04-11,68944.39
858,Tiffy,Russia,2021-09-21,76757.04
859,Aleen,Guatemala,2021-06-08,44502.77
860,Cheryl,Portugal,2021-09-18,17943.52
861,Liliane,Cyprus,2022-02-16,18121.8
862,Gifford,Indonesia,2022-05-09,48639.01
863,Dicky,Poland,2022-03-14,15050.16
864,Herschel,Philippines,2021-07-23,99315.65
865,Germayne,Poland,2021-06-13,80613.04
866,Sansone,Russia,2021-07-11,69969.15
867,Corny,Sweden,2022-02-16,66459.33
868,Lucias,Canada,2021-06-15,55575.95
869,Thorpe,Ireland,2021-08-18,82663.83
870,Blanche,Peru,2022-03-23,96360.45
871,Collen,South Africa,2021-08-18,65072.77
872,Domingo,Sweden,2022-04-29,6437.85
873,Kim,Comoros,2022-02-14,26412.32
874,Valle,Russia,2022-04-12,27358.04
875,Giffard,Peru,2021-06-19,90060.32
876,Ignazio,Philippines,2021-08-26,28390.77
877,Lea,Portugal,2021-12-20,39999.42
878,Borden,Poland,2022-04-02,59026.73
879,Christopher,Russia,2022-04-25,50374.71
880,Bobina,Indonesia,2021-10-21,91654.75
881,Homer,China,2021-08-20,63797.25
882,Vida,Ecuador,2021-06-04,75077.33
883,Silva,Argentina,2022-04-14,55954.89
884,Willie,Colombia,2021-07-20,82207.53
885,Ethe,Colombia,2021-05-27,79783.11
886,Clem,Albania,2022-05-11,59122.59
887,Erv,Nicaragua,2021-06-23,5556.83
888,Derrek,Brazil,2021-12-10,35533.18
889,Lindy,Indonesia,2021-09-05,62948.3
890,Caldwell,United States,2021-08-29,7923.25
891,Hamlin,Indonesia,2022-03-13,87784.38
892,Monte,North Korea,2021-10-17,64303.1
893,Brunhilda,Greenland,2022-04-05,55876.36
894,Carma,France,2021-09-06,71198.65
895,Reamonn,Japan,2021-08-22,35884.99
896,Spenser,Thailand,2021-05-27,91373.98
897,Angelica,Honduras,2021-12-08,68316.52
898,Tara,Ukraine,2022-03-15,22097.46
899,Cirillo,China,2021-10-23,89695.08
900,Olive,Portugal,2021-10-24,26944.56
901,Roma,South Africa,2021-10-06,84648.4
902,Margarette,Iran,2022-01-10,65775.95
903,Aeriell,Philippines,2021-09-19,14325.0
904,Hyacinthia,United States,2021-08-08,23143.35
905,Bard,China,2021-11-08,41698.46
906,Calvin,Guatemala,2022-03-07,24759.1
907,Barnebas,France,2021-06-28,59846.34
908,Dennie,Indonesia,2022-01-20,94969.11
909,Shirline,Brazil,2021-12-06,18929.22
910,Chariot,China,2021-12-31,58079.1
911,Dur,Indonesia,2021-09-05,64414.48
912,Giordano,Indonesia,2021-11-05,90675.71
913,Lorinda,China,2022-03-10,57622.04
914,Adeline,Poland,2021-08-02,36567.23
915,Monty,Cuba,2022-03-08,73197.81
916,Rickie,Macedonia,2021-07-31,29442.59
917,Jorry,Iceland,2021-10-28,56237.29
918,Leonhard,Indonesia,2021-11-19,19640.01
919,Nerta,China,2021-07-24,35233.91
920,Renee,Thailand,2021-10-05,44057.87
921,Alta,Haiti,2021-10-06,89683.98
922,Kenn,Haiti,2022-04-26,1920.06
923,Pebrook,Portugal,2021-12-28,22019.79
924,Rhonda,Russia,2022-05-14,79699.04
925,Gray,China,2021-10-07,81177.6
926,Cyndi,Sweden,2022-04-20,97287.87
927,Willard,China,2021-05-19,1488.85
928,Findley,Russia,2021-11-29,57183.85
929,Bailie,Cuba,2021-07-27,39027.35
930,Dunc,Ireland,2022-01-06,99124.66
931,Padgett,China,2021-09-24,11391.63
932,Forest,Poland,2022-02-17,16437.96
933,Becki,Russia,2022-02-18,52432.58
934,Ches,New Zealand,2021-11-15,27276.94
935,Fredi,North Korea,2021-08-21,62478.96
936,Orren,Indonesia,2021-05-22,94098.8
937,Janifer,Cuba,2021-07-23,34458.09
938,Loraine,Poland,2022-03-21,86817.32
939,Susette,China,2021-08-11,91234.16
940,Ainslee,Indonesia,2021-06-19,3706.67
941,Nelia,Chile,2021-11-15,49149.68
942,Moll,United States,2022-02-13,59262.18
943,Rudolfo,China,2021-07-09,30999.35
944,Guinevere,Namibia,2022-05-02,79452.09
945,Judith,Australia,2021-10-28,38086.69
946,Missie,Albania,2022-02-02,95106.51
947,Efrem,Ukraine,2021-09-20,42613.34
948,Cristine,Canada,2021-06-12,49390.81
949,Brett,Palestinian Territory,2022-02-01,79645.41
950,Radcliffe,Indonesia,2021-05-24,53621.23
951,Joanne,Ukraine,2022-03-20,5143.01
952,Nicki,China,2021-10-23,2847.47
953,Virge,Russia,2021-09-04,25791.58
954,Cinderella,France,2021-11-15,19917.71
955,Ephraim,Poland,2022-03-24,12283.38
956,Amitie,Slovenia,2022-02-15,21229.53
957,Hansiain,China,2022-03-07,86847.33
958,Irwinn,China,2022-01-23,81253.48
959,Duffy,Indonesia,2021-07-26,38218.98
960,Nickey,Montenegro,2021-10-22,649.95
961,Carrol,Philippines,2021-06-04,62475.08
962,Mort,Tajikistan,2022-01-12,4791.79
963,Sarena,Ethiopia,2022-01-03,32484.21
964,Freddy,Sweden,2021-12-16,82165.33
965,Mirabella,East Timor,2021-05-25,72389.08
966,Crosby,Ukraine,2022-04-30,91962.68
967,Addy,China,2021-08-08,2555.47
968,Ilsa,China,2021-11-10,57753.96
969,Annemarie,Afghanistan,2022-03-26,48437.37
970,Andy,Pakistan,2022-03-09,36519.48
971,Marv,Poland,2022-03-09,63463.16
972,Jordain,Russia,2022-04-18,94839.96
973,Evyn,Ukraine,2021-07-06,56306.04
974,Ranna,Indonesia,2022-03-08,20028.42
975,Mariann,Portugal,2021-09-27,19557.11
976,Ardys,Japan,2021-06-30,2222.1
977,Jeralee,Russia,2021-09-01,46860.0
978,Carolann,Indonesia,2021-06-19,27827.5
979,Griffin,Indonesia,2022-01-26,14560.41
980,Florenza,Cuba,2022-03-21,5712.59
981,Alejoa,Colombia,2021-06-26,89125.88
982,Ulrick,Finland,2022-04-30,33118.13
983,Emilee,China,2022-03-05,81290.43
984,Jojo,Poland,2021-07-13,99168.23
985,Mickie,Indonesia,2022-01-29,53488.52
986,Roxanne,Portugal,2021-09-02,61517.13
987,Vlad,Peru,2021-07-12,11195.27
988,Bryn,France,2022-04-02,35826.52
989,Stacee,China,2021-09-01,28254.63
990,Elroy,Poland,2021-07-21,99826.78
991,Erskine,Tanzania,2021-06-17,477.81
992,Angel,Czech Republic,2021-09-18,59772.47
993,Ailey,China,2021-10-04,1323.57
994,Olenka,Philippines,2021-06-26,210.02
995,Sherman,Yemen,2021-11-24,39222.99
996,Clare,Poland,2021-11-04,59675.49
997,Rebecca,Norway,2021-12-09,98658.89
998,Tod,Thailand,2022-01-31,38467.27
999,Westbrooke,Poland,2021-12-16,78800.64
1000,Bastian,Brazil,2021-12-08,63379.51
